driver_id,full_name,license_number,license_expiry,vehicle_id,hire_date,status,rating,total_deliveries,on_time_rate,contact_phone,base_location
DRV-0001,Peter Hartmann,DL-86151677,2023-01-03,VEH-256,2020-12-26,active,4.98,3360,0.954,+491665363386,WH-10
DRV-0002,Michael Jung,DL-97910592,2026-11-14,VEH-278,2023-04-01,active,4.89,168,0.749,+491507555227,WH-14
DRV-0003,Marco Schäfer,DL-81776479,2024-06-19,VEH-059,2021-05-06,active,4.44,1870,0.834,+491655608682,WH-01
DRV-0004,Michelle Helmut,DL-15260333,2020-09-19,VEH-017,2019-04-30,active,3.52,2885,0.803,+491764471928,WH-03
DRV-0005,Alex Helmut,DL-53909055,2022-09-18,VEH-146,2020-11-14,active,3.2,3099,0.735,+491696126326,WH-05
DRV-0006,Julia Vogel,DL-36784503,2024-01-29,VEH-188,2022-06-14,active,4.86,3645,0.874,+491572464460,WH-06
DRV-0007,Jessica Franke,DL-49154011,2027-07-18,VEH-292,2023-05-24,on_leave,3.03,6990,0.79,+491582762888,WH-07
DRV-0008,Marco Heinrich,DL-88298582,2023-10-21,VEH-090,2021-10-29,active,2.66,89,0.956,+491625311496,WH-17
DRV-0009,Jessica Fuchs,DL-13952202,2026-07-18,VEH-035,2024-10-24,active,2.62,1280,0.977,+491685047180,WH-18
DRV-0010,Sandra Fischer,DL-36581302,2021-07-20,VEH-195,2020-03-03,active,3.84,2753,0.963,+491553079871,WH-20
DRV-0011,Maria Koch,DL-88441581,2023-12-06,VEH-228,2021-06-30,active,2.64,394,0.936,+491624103948,WH-20
DRV-0012,Oliver Richter,DL-27431581,2024-02-19,VEH-133,2021-05-17,active,2.99,837,0.901,+491555067526,WH-16
DRV-0013,Maria Klein,DL-12969141,2022-08-12,VEH-293,2018-09-29,suspended,3.34,3729,0.849,+491676114033,WH-09
DRV-0014,Chris Schubert,DL-87141278,2027-07-26,,2024-10-25,active,3.12,6838,0.875,+491741943797,WH-13
DRV-0015,Stefan König,DL-67372128,2020-05-05,VEH-205,2019-01-23,on_leave,3.39,5016,0.945,+491548410942,WH-17
DRV-0016,Chris Krüger,DL-55023798,2023-11-18,VEH-217,2019-10-18,active,2.62,2380,0.913,+491761444727,WH-01
DRV-0017,Sandra König,DL-76160255,2025-03-03,VEH-253,2020-04-25,active,2.99,7073,0.878,+491727613712,WH-06
DRV-0018,Martina Fischer,DL-98196157,2020-07-25,VEH-176,2018-04-30,active,3.01,2755,0.914,+491543956171,WH-05
DRV-0019,Wolfgang Wolf,DL-12062369,2024-10-04,VEH-033,2023-04-09,active,4.23,2243,0.732,+491589615261,WH-10
DRV-0020,Daniel Keller,DL-61007069,2022-04-27,VEH-203,2019-10-28,active,2.79,2151,0.974,+491762614636,WH-13
DRV-0021,Uwe Krüger,DL-21916837,2025-05-01,VEH-074,2022-04-30,active,2.93,558,0.802,+491525855012,WH-20
DRV-0022,Martina Friedrich,DL-38808302,2027-12-11,VEH-029,2024-07-18,suspended,3.83,6214,0.948,+491788879725,WH-16
DRV-0023,Maria Sauer,DL-10293871,2023-12-29,VEH-074,2019-08-20,active,3.24,404,0.92,+491617984718,WH-04
DRV-0024,Wolfgang Schäfer,DL-25667300,2025-03-23,VEH-136,2022-02-03,active,4.72,5721,0.886,+491532765634,WH-03
DRV-0025,Christian Schubert,DL-31296578,2024-06-12,,2021-10-01,active,4.54,3625,0.865,+491566986296,WH-03
DRV-0026,Tim Schmitz,DL-12801254,2021-11-19,,2020-09-29,on_leave,4.22,52,0.904,+491608901635,WH-16
DRV-0027,Jamie Peters,DL-18228933,2024-06-04,VEH-182,2022-09-13,active,3.54,3947,0.704,+491769947163,WH-19
DRV-0028,Julia Bauer,,2026-03-19,VEH-260,2022-02-15,active,4.99,6530,0.735,+491579798012,WH-15
DRV-0029,Anna Werner,DL-31991655,2023-07-26,VEH-170,2019-02-04,active,4.0,6893,0.807,+491588963061,WH-18
DRV-0030,Wolfgang Sauer,DL-69621072,2026-03-01,VEH-119,2021-03-31,active,4.64,4642,0.938,+491734000678,WH-18
DRV-0031,Andreas Herrmann,DL-10069822,2019-09-09,,2018-05-17,active,3.48,1677,0.794,+491754197900,WH-08
DRV-0032,Sandra Helmut,DL-74978760,2024-01-16,,2020-12-18,active,4.32,1946,0.752,+491719332523,WH-05
DRV-0033,Martina Günther,DL-66352330,2024-06-25,VEH-214,2022-03-20,active,3.65,7727,0.834,+491501954689,WH-07
DRV-0034,Thomas Lange,DL-35742342,2025-09-16,VEH-022,2021-05-14,active,2.95,2611,0.764,+491637370944,WH-11
DRV-0035,Alex Herrmann,DL-13060562,2022-02-21,VEH-233,2020-12-14,active,4.55,5032,0.944,+491637389043,WH-09
DRV-0036,Jessica Schneider,DL-47469718,2026-03-05,VEH-284,2024-04-28,active,4.47,4927,0.781,+491767675764,WH-13
DRV-0037,Daniel Kaiser,DL-89328047,2024-06-26,VEH-187,2022-03-22,active,2.77,7949,0.722,+491523172536,WH-15
DRV-0038,Anna Köhler,DL-19822836,2025-07-23,VEH-008,2022-09-11,active,4.89,1916,0.803,+491749709160,WH-18
DRV-0039,Stefan Orange,DL-44115653,2022-05-23,VEH-062,2019-07-02,on_leave,2.88,1990,0.73,+491569693724,WH-02
DRV-0040,Anna Richter,DL-52447220,2023-06-26,,2021-01-26,active,3.34,366,0.884,+491738553316,WH-05
DRV-0041,Jürgen Schäfer,DL-20493300,2024-02-25,VEH-119,2022-03-26,active,4.49,5951,0.854,+491539019251,WH-12
DRV-0042,Jordan Weiß,DL-37353195,2025-05-04,,2023-01-26,active,3.38,4633,0.815,+491753073639,WH-17
DRV-0043,Tina Sauer,DL-14995692,2023-07-09,VEH-053,2019-01-09,active,2.7,1460,0.867,+491743459237,WH-14
DRV-0044,Peter Richter,DL-69068740,2022-09-02,VEH-147,2020-10-18,active,2.61,3039,0.956,+491713115066,WH-14
DRV-0045,Hans Schäfer,DL-47046966,2023-05-31,VEH-280,2019-10-11,on_leave,3.98,1038,0.84,+491787402645,WH-17
DRV-0046,Thomas Bauer,DL-79713430,2026-04-01,VEH-071,2022-06-22,active,4.39,3635,0.802,+491528539705,WH-08
DRV-0047,Klaus Schmitz,DL-18158514,2023-12-31,VEH-281,2021-01-18,active,4.63,3305,0.94,+491667502886,WH-07
DRV-0048,Thomas Keller,DL-48507721,2025-06-23,VEH-263,2023-03-30,suspended,4.59,6158,0.912,+491517685719,WH-06
DRV-0049,Alex Braun,DL-99192376,2023-05-15,VEH-173,2021-03-15,active,3.39,4113,0.812,+491645957023,WH-13
DRV-0050,Michelle Schmitz,DL-20931863,2023-08-28,,2020-04-24,active,3.42,3153,0.797,+491666643700,WH-11
DRV-0051,Oliver Hoffmann,DL-49386637,2023-03-28,VEH-015,2020-04-06,on_leave,4.89,6146,0.917,+491516634534,WH-15
DRV-0052,Peter Hoffmann,DL-21394574,2028-06-03,VEH-084,2024-02-10,active,3.86,7763,0.903,+491605324482,WH-10
DRV-0053,Heike Fuchs,DL-67828279,2025-10-14,VEH-086,2021-04-22,active,3.55,3879,0.953,+491701466330,WH-09
DRV-0054,Nicole Franke,DL-50277673,2025-10-24,,2024-03-13,active,3.03,4421,0.958,+491545282215,WH-09
DRV-0055,Jennifer Braun,DL-53176904,2023-04-01,,2020-02-04,active,4.17,6214,0.833,+491665250461,WH-10
DRV-0056,Sabrina Werner,DL-56498391,2023-02-26,VEH-284,2019-08-31,active,4.18,4029,0.748,+491724401412,WH-18
DRV-0057,Jennifer Köhler,DL-66770832,2025-10-14,VEH-299,2023-05-17,active,3.08,3950,0.875,+491667465584,WH-08
DRV-0058,Wolfgang Wolf,DL-29884868,2026-09-17,VEH-050,2024-09-13,active,3.52,4651,0.732,+491593903745,WH-01
DRV-0059,Jordan Wolf,DL-76909026,2025-03-04,,2023-01-27,active,2.78,4641,0.95,+491774196852,WH-06
DRV-0060,Nicole Fischer,DL-69602383,2023-07-04,VEH-145,2021-12-20,active,2.99,5433,0.955,+491778472187,WH-04
DRV-0061,Christian Lange,DL-87678431,2023-08-18,VEH-273,2019-04-17,active,4.04,4168,0.96,+491778210847,WH-05
DRV-0062,Christian Köhler,DL-43633949,2029-07-19,VEH-109,2024-07-22,active,2.69,341,0.876,+491503667569,WH-08
DRV-0063,Nicole Neumann,DL-55585090,2026-09-17,VEH-207,2022-06-05,active,4.09,6604,0.788,+491632382192,WH-06
DRV-0064,Oliver König,DL-71532690,2028-06-05,VEH-064,2024-02-27,active,4.57,557,0.929,+491749125857,WH-03
DRV-0065,Christian Fischer,DL-22040580,2027-10-28,VEH-288,2023-05-30,suspended,4.76,4663,0.764,+491718333615,WH-20
DRV-0066,Michelle Vogel,DL-93915759,2022-10-04,VEH-210,2019-04-25,active,4.78,66,0.875,+491679124336,WH-16
DRV-0067,Wolfgang Schäfer,DL-91712102,2028-10-29,VEH-006,2024-07-12,suspended,4.18,1276,0.844,+491796457987,WH-03
DRV-0068,Klaus Schmidt,DL-86452144,2024-12-09,VEH-270,2020-06-27,active,4.17,3561,0.95,+491691506643,WH-02
DRV-0069,Jordan Heinrich,DL-45916799,2025-07-08,VEH-265,2022-06-15,active,4.44,4866,0.779,+491779555498,WH-12
DRV-0070,Chris Vogel,DL-27485539,2025-02-27,VEH-193,2021-11-19,active,3.29,3272,0.951,+491704819560,WH-20
DRV-0071,Chris Koch,DL-54523372,2024-10-02,VEH-074,2022-08-23,active,3.91,6102,0.733,0121684448897,WH-11
DRV-0072,Lars Braun,,2027-05-25,VEH-005,2023-04-18,active,3.7,407,0.825,+491699953737,WH-03
DRV-0073,Christian Bauer,DL-51598543,2025-03-13,VEH-175,2023-11-12,suspended,4.25,1162,0.96,+491524398376,WH-05
DRV-0074,Tina Fuchs,DL-14521025,2027-11-17,VEH-256,2023-02-20,active,4.78,3839,0.971,+491649790461,WH-06
DRV-0075,Michael Zimmermann,DL-67668845,2025-01-30,VEH-172,2022-06-18,active,4.08,1064,0.928,+491704383893,WH-18
DRV-0076,Hans Schäfer,DL-42233093,2023-10-30,VEH-088,2020-06-26,suspended,3.37,7523,0.726,+491731866438,WH-08
DRV-0077,Christian Koch,DL-41718154,2025-01-22,VEH-282,2021-02-17,active,4.7,199,0.91,+491584124495,WH-13
DRV-0078,Sabrina Schröder,DL-85399063,2027-01-11,VEH-213,2024-02-28,active,4.4,7736,0.808,+491656270478,WH-03
DRV-0079,Oliver Weiß,DL-82289623,2024-06-07,,2022-11-19,active,4.51,3356,0.707,+491696084905,WH-18
DRV-0080,Maria Müller,DL-29448930,2022-05-17,VEH-157,2019-10-19,active,3.38,2965,0.93,+491506603569,WH-05
DRV-0081,Sandra König,,2022-03-13,VEH-152,2018-12-06,active,2.63,4265,0.887,+491586589569,WH-03
DRV-0082,Thomas Schmitz,DL-60612572,2022-05-15,VEH-165,2021-02-05,active,2.65,5377,0.804,+491538481135,WH-05
DRV-0083,Sebastian Braun,,2024-04-29,VEH-092,18/04/2022,active,3.8,1980,0.701,+491687965009,WH-13
DRV-0084,Jordan Bauer,DL-78808908,2024-05-24,VEH-275,2019-10-19,suspended,3.27,1466,0.887,045341136616,WH-02
DRV-0085,Jordan Franke,DL-52878448,2026-08-13,VEH-282,2023-04-06,active,4.61,5607,0.778,+491534874859,WH-11
DRV-0086,Michael Zimmermann,DL-23227149,2020-09-15,VEH-280,2019-08-22,active,4.46,2609,0.728,+491576036803,WH-02
DRV-0087,Nicole Zimmermann,DL-65219572,2026-06-20,,2024-12-28,active,2.6,6252,0.972,+491747849169,WH-14
DRV-0088,Peter Hoffmann,DL-16713256,2024-11-03,VEH-226,2021-08-06,active,4.61,7852,0.933,+491787113179,WH-11
DRV-0089,Andreas Hahn,DL-24980804,2028-08-13,VEH-201,2023-08-31,active,2.51,1499,0.89,+491683099335,WH-07
DRV-0090,Andreas Orange,DL-24133215,2025-06-09,VEH-176,2023-04-11,active,4.77,6005,0.775,+491676584083,WH-06
DRV-0091,Martina Hahn,DL-50536047,2026-01-25,VEH-198,2022-01-06,active,2.92,1172,0.784,+491765235590,WH-06
DRV-0092,Tim Richter,DL-99109800,2024-12-20,VEH-107,2022-04-02,active,3.4,4941,0.721,+491517785206,WH-04
DRV-0093,Sebastian Schwarz,DL-75919886,2025-09-10,VEH-087,2024-05-07,active,3.12,5539,0.824,+491531955221,WH-16
DRV-0094,Hans Neumann,DL-35019437,2026-07-06,VEH-281,2021-12-21,active,4.75,2383,0.791,+491639906342,WH-20
DRV-0095,Daniel Gelb,DL-45148677,2020-05-19,VEH-052,2019-04-17,on_leave,3.85,2924,0.713,+491755400435,WH-09
DRV-0096,Michael Hartmann,DL-26773307,2025-12-24,VEH-043,2021-10-15,active,3.2,6444,0.869,+491787630840,WH-20
DRV-0097,Tina Werner,DL-71992112,2022-06-30,,2021-03-25,active,3.67,6965,0.892,+491501413532,WH-04
DRV-0098,Daniel Peters,DL-65551943,2024-04-13,VEH-221,2021-12-18,active,3.76,6925,0.77,+491524686753,WH-04
DRV-0099,Jürgen Günther,DL-12483138,2021-09-13,VEH-082,2020-03-11,active,4.79,5132,0.856,+491523698953,WH-09
DRV-0100,Alex Günther,DL-44049603,2026-05-28,VEH-034,2024-05-20,active,3.9,2204,0.823,+491726001007,WH-09
DRV-0101,Jessica Weiß,DL-60152312,2020-10-23,VEH-092,2018-12-12,suspended,4.08,2557,0.855,+491587932041,WH-05
DRV-0102,Jamie Franke,DL-98629519,2028-10-26,VEH-159,2024-03-12,active,3.24,5414,0.934,+491774567439,WH-14
DRV-0103,Martina Neumann,DL-12921133,2024-08-04,VEH-149,2023-03-08,active,3.04,7275,0.771,+491607992518,WH-15
DRV-0104,Michael Helmut,DL-59710611,2022-03-20,VEH-182,2020-06-05,active,4.45,1205,0.848,+491786986770,WH-01
DRV-0105,Klaus Orange,DL-69020653,2021-10-31,VEH-006,2019-04-07,active,4.63,6183,0.87,+491779131323,WH-08
DRV-0106,Maria Gelb,DL-66089322,2019-08-01,VEH-017,2018-04-17,active,2.5,5322,0.743,+491685421403,WH-12
DRV-0107,Anna Orange,DL-28072920,2023-10-22,VEH-277,2019-05-19,active,3.13,1350,0.801,+491726347225,WH-15
DRV-0108,Christian Schröder,,2023-10-26,VEH-283,2021-12-06,active,4.99,4092,0.934,+491502979011,WH-13
DRV-0109,Nicole Heinrich,DL-42888993,2028-02-01,,2024-04-26,active,2.86,5171,0.732,+491616539633,WH-18
DRV-0110,Jamie Fischer,,2025-02-03,VEH-162,2021-02-12,active,4.26,7127,0.824,+491545983652,WH-11
DRV-0111,Mathias Klein,DL-38943709,2021-05-06,VEH-300,2020-04-11,active,4.56,7371,0.9,+491792950952,WH-05
DRV-0112,Alex Jung,DL-68982854,2025-01-10,VEH-163,2022-09-29,suspended,4.57,642,0.858,+491507347715,WH-06
DRV-0113,Sabrina Lange,DL-90408861,2027-11-03,VEH-152,2023-04-13,active,3.86,5148,0.886,+491788388197,WH-06
DRV-0114,Martina Schmitz,DL-61069630,2024-06-13,VEH-080,2020-07-31,active,3.71,6604,0.957,+491753531859,WH-16
DRV-0115,Michelle Peters,DL-85297551,2027-03-30,VEH-202,2023-06-01,active,3.11,1158,0.882,+491538937772,WH-19
DRV-0116,Andreas Schubert,DL-93337363,2023-03-01,VEH-226,2018-07-06,active,4.81,3075,0.884,+491672556313,WH-16
DRV-0117,Stefan Koch,DL-80594780,2021-06-18,,2019-05-01,active,3.64,3588,0.917,+491588428632,WH-09
DRV-0118,Sebastian Köhler,DL-80011220,2025-11-10,,2023-05-15,active,2.51,4363,0.98,+491547473809,WH-16
DRV-0119,Tim Herrmann,DL-79675474,2027-09-18,VEH-279,2023-07-13,active,2.96,2041,0.752,+491624123928,WH-06
DRV-0120,Maria König,DL-76431628,2027-02-10,VEH-269,2023-03-08,active,3.01,6824,0.864,+491619156096,WH-02
DRV-0121,Tina Werner,DL-64797375,2022-10-13,VEH-078,2020-06-30,suspended,2.93,2127,0.801,+491683482114,WH-07
DRV-0122,Jürgen Neumann,DL-92464260,2026-10-30,VEH-189,2023-12-10,active,4.27,7121,0.843,+491636967005,WH-03
DRV-0123,Frank Jung,DL-44839535,2024-02-15,VEH-254,2019-04-02,active,4.85,7439,0.804,+491665036066,WH-03
DRV-0124,Sandra Herrmann,DL-74884033,2022-03-07,VEH-223,2019-02-08,active,4.57,2254,0.782,+491761420287,WH-20
DRV-0125,Jürgen Weiß,DL-53714170,2023-01-28,VEH-174,2019-01-03,suspended,3.88,4007,0.756,+491707295177,WH-11
DRV-0126,Frank Sauer,DL-20336346,2025-05-19,VEH-241,2022-06-10,active,3.08,720,0.773,+491719632620,WH-09
DRV-0127,Uwe Friedrich,,2023-08-17,VEH-185,2020-02-27,active,3.83,2161,0.744,+491511389797,WH-20
DRV-0128,Wolfgang Wolf,DL-77508337,2022-09-08,VEH-253,2021-04-17,active,3.1,4321,0.717,+491695912639,WH-13
DRV-0129,Jürgen Bauer,DL-81867577,2025-11-18,VEH-263,2021-05-19,active,3.49,1132,0.876,+491662338532,WH-02
DRV-0130,Michael Neumann,,2019-10-12,VEH-096,2018-09-05,active,3.91,2314,0.753,+491696379136,WH-04
DRV-0131,Stefan Wolf,DL-12327322,2022-06-16,VEH-159,2018-10-15,active,5.0,6478,0.928,+491643570704,WH-15
DRV-0132,Chris Schröder,DL-10351266,2021-06-30,VEH-110,2020-01-08,active,4.77,2913,0.835,+491538190312,WH-11
DRV-0133,Mathias Schubert,DL-13417300,2020-11-15,VEH-155,2018-12-24,active,3.88,6492,0.831,+491539174278,WH-08
DRV-0134,Oliver Friedrich,DL-51288804,2022-04-26,VEH-249,2019-01-10,active,5.0,6997,0.773,+491694458906,WH-16
DRV-0135,Sandra Braun,DL-54285618,2022-08-20,VEH-138,2018-12-26,active,3.83,2890,0.762,+491607404822,WH-01
DRV-0136,Maria Vogel,DL-25081547,2024-11-28,VEH-300,2021-10-25,active,3.52,5827,0.786,+491662421482,WH-12
DRV-0137,Marco Bauer,DL-40957713,2024-03-26,VEH-117,2022-10-31,on_leave,3.44,5317,0.754,+491791074358,WH-17
DRV-0138,Maria Weiß,DL-23097924,2025-11-11,,2022-05-13,active,4.85,141,0.817,+491704122446,WH-16
DRV-0139,Jürgen Vogel,DL-82473449,2022-04-20,VEH-263,2020-10-30,active,2.87,664,0.972,+491663493864,WH-16
DRV-0140,Chris Koch,DL-55385214,2023-12-20,,2021-07-26,on_leave,4.73,2967,0.814,+491751302392,WH-06
DRV-0141,Michael Franke,DL-23151364,2024-11-20,VEH-276,2023-01-06,active,3.47,5479,0.934,+491728636061,WH-01
DRV-0142,Jamie Fuchs,DL-47094766,2028-11-01,VEH-081,2024-06-27,active,3.22,5651,0.844,+491675279844,WH-15
DRV-0143,Wolfgang König,DL-76486595,2021-09-30,VEH-108,2020-04-25,active,3.04,7980,0.74,+491606817480,WH-16
DRV-0144,Tina Gelb,DL-44266710,2026-12-03,VEH-154,2023-11-01,active,3.13,4348,0.958,+491724815736,WH-03
DRV-0145,Michelle Günther,DL-26583277,2020-08-21,VEH-152,2019-05-19,active,4.88,6241,0.741,+491532200956,WH-05
DRV-0146,Daniel Keller,DL-43536561,2022-11-01,VEH-169,2018-03-16,active,3.98,1757,0.954,+491702541964,WH-10
DRV-0147,Maria Müller,DL-38574994,2022-10-23,VEH-029,2018-05-01,active,3.02,1339,0.837,+491766769933,WH-11
DRV-0148,Alex Hahn,DL-71813399,2025-01-28,VEH-228,2021-12-31,active,4.32,7915,0.93,+491681009303,WH-06
DRV-0149,Martina Hartmann,DL-58845632,2027-05-19,VEH-032,2024-02-09,active,2.63,572,0.803,+491683225324,WH-12
DRV-0150,Maria Neumann,DL-76544574,2028-01-10,VEH-225,2024-12-30,active,4.93,1242,0.817,+491651233525,WH-02
DRV-0151,Tina Hoffmann,DL-52225922,2025-12-14,VEH-244,2021-09-13,active,2.74,4335,0.758,+491768307506,WH-11
DRV-0152,Jordan Weiß,DL-71508242,2021-12-18,VEH-156,2018-04-11,active,4.24,3887,0.872,+491555717972,WH-09
DRV-0153,Daniel Richter,DL-73996105,2024-08-23,VEH-040,2021-02-16,active,4.98,2806,0.841,+491614180517,WH-18
DRV-0154,Sandra Köhler,DL-17096145,2024-08-12,VEH-010,2023-07-11,active,4.19,3706,0.778,+491616665583,WH-03
DRV-0155,Hans Hoffmann,DL-20816981,2024-03-24,VEH-190,2021-07-14,active,3.55,4310,0.874,+491662112837,WH-02
DRV-0156,Mathias Schmitz,DL-75029493,2028-01-16,VEH-071,2024-12-13,active,2.72,5629,0.973,+491736857652,WH-20
DRV-0157,Peter Hoffmann,DL-87627773,2024-04-10,VEH-081,2022-11-17,suspended,3.13,2904,0.948,+491539518124,WH-16
DRV-0158,Sebastian Wolf,DL-93889404,2026-01-27,VEH-165,2024-02-02,active,3.31,396,0.9,+491686885918,WH-12
DRV-0159,Klaus Gelb,DL-90109366,2024-05-14,VEH-253,2019-11-06,active,4.54,1360,0.863,+491569991562,WH-12
DRV-0160,Lars Neumann,DL-64767776,2025-07-15,VEH-255,2021-06-07,active,3.26,2236,0.912,+491733161012,WH-04
DRV-0161,Sebastian Koch,DL-51170835,2028-09-20,VEH-108,2024-08-20,active,2.9,2313,0.736,+491799906999,WH-14
DRV-0162,Sabrina Jung,DL-57747522,2026-08-21,VEH-157,2023-04-24,active,3.36,4013,0.85,+491719350257,WH-15
DRV-0163,Wolfgang Müller,DL-40622174,2023-08-08,VEH-279,2019-11-14,active,4.63,4182,0.852,+491575731408,WH-02
DRV-0164,Anna Schwarz,DL-48482095,2025-01-23,VEH-020,2020-05-24,active,4.52,1551,0.763,+491686131179,WH-18
DRV-0165,Maria Schröder,DL-11028899,2024-09-19,VEH-135,2023-03-13,active,3.81,4671,0.755,+491785517099,WH-16
DRV-0166,Heike Zimmermann,DL-19068855,2026-06-21,VEH-216,2024-05-07,active,3.58,7082,0.961,+491701214224,WH-03
DRV-0167,Peter Fuchs,DL-19477848,2028-09-11,VEH-185,2023-12-23,on_leave,3.73,3394,0.962,+491656634850,WH-08
DRV-0168,Peter Koch,DL-21824370,2028-08-13,,2024-05-30,active,3.01,506,0.873,+491739763086,WH-16
DRV-0169,Maria Lange,DL-29040689,2024-06-16,VEH-015,2021-02-15,active,3.14,6415,0.882,+491689866501,WH-08
DRV-0170,Klaus Weber,DL-81428669,2023-08-24,VEH-101,2021-05-12,active,4.8,251,0.884,+491593350018,WH-10
DRV-0171,Chris Schwarz,DL-10773239,2027-11-27,VEH-006,2022-12-24,active,2.59,7363,0.764,+491554696237,WH-10
DRV-0172,Mathias Krüger,DL-72324569,2020-11-01,VEH-130,2018-01-10,active,2.79,3855,0.928,+491769474413,WH-19
DRV-0173,Jennifer Helmut,DL-99671285,2023-10-21,VEH-096,2022-02-05,suspended,4.77,4599,0.96,+491753819418,WH-12
DRV-0174,Sandra Klein,DL-62424586,2024-10-17,VEH-059,2023-01-15,active,4.35,739,0.85,+491745799137,WH-04
DRV-0175,Sebastian Schubert,DL-16313642,2026-02-12,VEH-161,2023-12-30,active,4.37,1270,0.846,+491629682781,WH-05
DRV-0176,Sabrina Gelb,DL-91132756,2025-02-12,VEH-125,2022-04-09,on_leave,3.74,7728,0.78,+491714813889,WH-04
DRV-0177,Sabrina Schmitz,DL-98315594,2020-08-05,VEH-067,2018-05-18,active,3.2,5884,0.756,+491572084937,WH-18
DRV-0178,Michelle Herrmann,DL-22169151,2021-08-27,VEH-168,2019-09-22,active,3.31,3373,0.815,+491769840708,WH-06
DRV-0179,Heike Peters,DL-76343297,2025-05-28,VEH-055,2021-11-11,suspended,3.1,635,0.883,+491559480475,WH-12
DRV-0180,Jessica Gelb,DL-20978943,2028-01-09,VEH-112,2023-12-05,active,2.52,4119,0.769,+491775990213,WH-19
DRV-0181,Alex Schmidt,DL-45557369,2022-12-27,VEH-093,2018-08-11,active,2.79,161,0.968,+491676364697,WH-02
DRV-0182,Jamie Richter,DL-29588822,2026-04-24,VEH-015,2024-01-05,active,3.12,767,0.719,+491551378950,WH-14
DRV-0183,Tina Schneider,DL-46318679,2022-08-12,VEH-156,2021-04-27,active,4.57,7442,0.77,+491654120202,WH-02
DRV-0184,Sandra Koch,DL-28860365,2026-10-03,VEH-117,2022-04-29,active,3.3,7023,0.758,+491786588633,WH-10
DRV-0185,Martina Peters,DL-50891015,2021-07-25,VEH-129,2018-02-28,active,3.96,2589,0.767,+491641486229,WH-16
DRV-0186,Martina Jung,DL-48245502,2027-02-27,VEH-009,2022-08-16,active,3.21,1553,0.81,+491516978219,WH-08
DRV-0187,Maria Koch,DL-58685078,2025-02-25,VEH-089,2020-04-23,suspended,3.26,6884,0.733,+491519188593,WH-02
DRV-0188,Klaus Gelb,DL-40216376,2029-06-22,VEH-082,2024-08-24,on_leave,4.85,7272,0.742,+491511143001,WH-19
DRV-0189,Mathias Orange,DL-45911479,2025-12-29,VEH-169,2023-10-12,active,3.96,4496,0.776,+491535812249,WH-05
DRV-0190,Chris Friedrich,DL-54490373,2026-03-17,VEH-087,2021-06-19,active,3.44,1457,0.867,+491773043808,WH-05
DRV-0191,Jennifer Schwarz,DL-61630154,2023-10-12,VEH-273,2021-01-30,on_leave,2.87,1032,0.816,+491723148860,WH-20
DRV-0192,Alex Müller,DL-95848854,2020-05-22,VEH-111,2018-10-31,active,4.79,573,0.904,+491758581069,WH-13
DRV-0193,Frank Werner,DL-81068034,2027-12-19,VEH-226,2023-02-18,active,4.71,2439,0.949,+491582806249,WH-16
DRV-0194,Marco Schäfer,DL-36893193,2025-06-08,VEH-054,2021-03-29,active,4.36,5779,0.778,+491593853927,WH-07
DRV-0195,Jennifer Hoffmann,DL-29802799,2026-01-10,VEH-026,2021-09-11,active,4.19,3379,0.903,+491583668005,WH-15
DRV-0196,Stefan Müller,DL-85396357,2021-05-08,VEH-112,2019-06-09,active,2.84,3786,0.917,+491776629974,WH-12
DRV-0197,Jamie Helmut,DL-36710959,2025-04-07,VEH-241,2021-06-17,active,4.91,5373,0.842,+491671969077,WH-13
DRV-0198,Martina Orange,,2026-08-13,VEH-182,2023-01-23,active,3.28,4711,0.828,+491545456935,WH-10
DRV-0199,Thomas Weiß,DL-33563757,2024-10-12,VEH-266,2023-01-09,active,4.21,7234,0.92,+491781135225,WH-01
DRV-0200,Peter Weber,DL-99417955,2027-10-21,VEH-230,2022-11-13,active,4.46,2900,0.835,+491529936993,WH-12
DRV-0201,Nicole Schäfer,DL-52188359,2025-08-06,VEH-116,2020-08-09,active,2.63,6759,0.955,+491751801331,WH-14
DRV-0202,Jessica Vogel,DL-64809492,2024-07-28,VEH-259,2022-02-14,active,4.76,7416,0.879,+491745332821,WH-03
DRV-0203,Klaus Köhler,DL-54231243,2022-09-14,VEH-038,2018-05-27,active,4.05,5381,0.962,+491768379012,WH-19
DRV-0204,Sebastian Herrmann,DL-16839378,2022-05-29,VEH-102,2018-01-13,active,4.96,7539,0.765,+491707765394,WH-02
DRV-0205,Uwe Weiß,DL-14298681,2021-09-03,VEH-123,07/10/2018,active,2.69,2408,0.973,+491777140638,WH-11
DRV-0206,Jordan Schmidt,DL-97271258,2027-02-12,,2024-01-07,active,2.76,6535,0.85,+491725457750,WH-11
DRV-0207,Tina Hoffmann,DL-12711905,2023-10-10,VEH-076,2020-01-25,active,4.49,7892,0.827,+491622453709,WH-18
DRV-0208,Klaus Heinrich,DL-23874871,2027-04-11,VEH-150,2024-10-21,active,4.29,2743,0.744,+491607693701,WH-05
DRV-0209,Hans Fischer,DL-70936878,2027-01-04,VEH-067,2024-10-16,suspended,4.01,2172,0.738,+491629392761,WH-03
DRV-0210,Klaus Weiß,DL-53665633,2026-06-26,VEH-096,2024-08-21,active,2.94,6123,0.719,+491756646002,WH-18
DRV-0211,Andreas Braun,DL-36698046,2026-03-31,VEH-161,2022-06-26,active,2.63,6636,0.749,+491587412764,WH-02
DRV-0212,Jordan Lange,DL-22376801,2025-12-18,VEH-044,2022-02-05,active,3.67,3019,0.761,+491588675829,WH-13
DRV-0213,Klaus Köhler,DL-20572778,2027-05-14,VEH-267,2024-10-08,on_leave,4.79,1643,0.917,+491725057612,WH-20
DRV-0214,Tina Lange,DL-41949190,2027-02-16,VEH-008,2023-09-05,active,4.95,4946,0.902,+491799059804,WH-08
DRV-0215,Peter Koch,DL-66772637,2019-08-02,,06/07/2018,active,3.69,1974,0.977,+491718933540,WH-13
DRV-0216,Jennifer Lange,DL-36715678,2026-08-19,VEH-009,2024-04-25,active,2.82,4265,0.805,+491797869603,WH-20
DRV-0217,Andreas Werner,DL-74780118,2026-12-25,VEH-210,2023-08-27,active,4.3,6097,0.706,+491639339135,WH-12
DRV-0218,Anna Köhler,DL-93533774,2023-05-30,VEH-169,2020-09-28,active,3.17,7964,0.902,+491531036357,WH-11
DRV-0219,Peter Neumann,DL-51461323,2022-08-05,VEH-134,2020-06-17,active,4.74,6061,0.887,+491519317968,WH-05
DRV-0220,Jordan Koch,DL-92066571,2023-12-15,,2022-03-30,active,4.93,6123,0.89,+491744332631,WH-13
DRV-0221,Sabrina Schmitz,DL-57079166,2025-09-14,VEH-098,2024-04-24,active,3.96,4426,0.908,+491798803903,WH-03
DRV-0222,Marco Franke,DL-30757413,2023-10-24,VEH-156,2018-11-20,active,4.24,3660,0.892,+491743223869,WH-01
DRV-0223,Tina Hartmann,DL-73173524,2027-04-12,VEH-268,2024-06-20,active,3.68,2724,0.766,+491647314750,WH-11
DRV-0224,Thomas Schubert,DL-85003275,2025-02-28,VEH-041,2023-01-24,active,2.8,1543,0.812,+491767595653,WH-04
DRV-0225,Lars Vogel,DL-71869244,2021-12-17,,2018-03-16,active,3.35,1526,0.969,+491618812505,WH-02
DRV-0226,Sandra Schäfer,DL-93308522,2029-01-10,VEH-290,2024-02-05,active,4.76,2495,0.908,+491613788046,WH-10
DRV-0227,Tina Weiß,DL-32724383,2021-06-30,VEH-029,2020-04-27,active,2.54,4911,0.97,+491716556246,WH-05
DRV-0228,Jessica Hahn,DL-52788862,2022-06-24,VEH-057,2019-08-10,active,4.21,2747,0.958,+491673534877,WH-06
DRV-0229,Sandra Schwarz,DL-55725513,2026-06-23,VEH-132,2021-10-08,active,4.74,605,0.918,+491771993224,WH-14
DRV-0230,Andreas Braun,DL-73898577,2024-02-10,VEH-041,2022-07-03,active,2.65,3748,0.952,+491687586295,WH-20
DRV-0231,Alex Gelb,DL-88603736,2022-11-16,VEH-014,2021-01-03,active,4.83,6605,0.83,+491516132972,WH-02
DRV-0232,Sabrina Schäfer,DL-77856120,2023-09-11,,2021-12-15,active,2.53,5059,0.723,+491527777519,WH-16
DRV-0233,Lars König,DL-99121093,2026-08-09,VEH-299,2024-12-11,on_leave,4.07,7699,0.92,+491736831262,WH-06
DRV-0234,Uwe Schäfer,,2024-02-26,VEH-227,2019-09-23,active,3.6,2091,0.736,+491619359458,WH-09
DRV-0235,Chris Vogel,DL-71066910,2023-07-04,VEH-115,2020-01-10,active,4.35,5947,0.704,+491767274971,WH-14
DRV-0236,Tina Günther,DL-76223377,2024-05-30,VEH-280,2021-09-17,active,3.13,6209,0.843,+491737812369,WH-05
DRV-0237,Daniel Braun,DL-83958359,2024-01-23,VEH-258,2020-10-31,active,3.02,1984,0.959,+491774677683,WH-16
DRV-0238,Oliver Fuchs,DL-83025412,2020-12-18,,2019-08-06,active,4.71,5787,0.701,+491593921796,WH-15
DRV-0239,Peter Schmidt,DL-79134171,2022-10-13,VEH-213,2018-07-07,active,2.89,1490,0.976,+491613713683,WH-07
DRV-0240,Hans Klein,DL-71633164,2023-10-26,VEH-240,2019-10-18,active,3.87,383,0.707,+491718152080,WH-06
DRV-0241,Lars König,DL-37092736,2024-01-10,VEH-263,2022-08-13,active,3.96,4404,0.743,+491664665735,WH-04
DRV-0242,Lars Heinrich,DL-65642966,2022-06-16,VEH-164,2020-04-01,suspended,4.49,6781,0.822,+491622067173,WH-10
DRV-0243,Sebastian Richter,DL-81373728,2024-07-19,,2021-09-14,active,4.17,4349,0.82,+491739054598,WH-06
DRV-0244,Jamie Helmut,DL-52744709,2026-09-04,VEH-137,2022-05-19,on_leave,3.62,3035,0.838,+491544442683,WH-13
DRV-0245,Chris Peters,DL-57001177,2022-01-22,VEH-201,2018-04-04,active,4.42,4378,0.759,+491618394741,WH-19
DRV-0246,Sabrina Sauer,DL-56594338,2022-05-07,VEH-170,2018-01-01,active,2.75,998,0.94,+491776086382,WH-14
DRV-0247,Hans Krüger,DL-67828221,2020-09-17,VEH-035,2019-04-30,active,3.53,4144,0.9,+491567420205,WH-19
DRV-0248,Frank Günther,DL-10652819,2023-12-03,VEH-281,2020-08-16,active,4.54,7948,0.863,018584174674,WH-17
DRV-0249,Sebastian Lange,DL-96758427,2022-07-10,VEH-297,2018-04-16,active,3.73,5708,0.912,+491777813295,WH-19
DRV-0250,Hans Franke,DL-23892148,2024-03-15,,2019-06-17,active,3.46,3354,0.871,+491615448306,WH-05
DRV-0251,Chris Wolf,DL-69763536,2025-07-17,VEH-011,2023-05-24,on_leave,3.23,3529,0.807,+491724827701,WH-11
DRV-0252,Wolfgang Lange,DL-71706644,2023-04-25,VEH-094,2020-06-03,on_leave,4.28,4290,0.753,+491775223157,WH-04
DRV-0253,Stefan Koch,DL-15751969,2022-09-18,VEH-233,2020-10-14,active,4.81,5061,0.969,+491524635369,WH-03
DRV-0254,Tina Schmitz,DL-60806150,2021-03-23,VEH-281,2020-02-23,active,3.23,1503,0.854,+491618225400,WH-09
DRV-0255,Mathias Richter,DL-17881904,2022-12-17,,07-07-2021,active,3.44,1216,0.867,+491723937961,WH-01
DRV-0256,Christian Schmidt,DL-57851484,2022-09-19,VEH-297,2018-07-02,active,4.07,6816,0.896,+491592664437,WH-12
DRV-0257,Anna Krüger,DL-43936532,2024-06-13,VEH-075,2020-09-01,active,3.97,3608,0.863,+491697065846,WH-18
DRV-0258,Mathias Wolf,DL-47114849,2023-04-05,VEH-074,2021-12-07,active,2.51,4193,0.931,+491589605114,WH-14
DRV-0259,Tina Vogel,DL-11532041,2026-08-08,VEH-079,2022-11-28,active,2.55,2510,0.794,+491583742967,WH-15
DRV-0260,Peter Klein,DL-65234995,2024-05-19,VEH-014,2019-09-20,active,2.74,6625,0.784,+491575010672,WH-17
DRV-0261,Anna König,DL-58560112,2022-06-24,VEH-200,2019-09-08,active,4.05,7889,0.964,+491516496128,WH-16
DRV-0262,Jürgen Keller,DL-98593048,2023-08-13,VEH-134,2019-11-12,active,3.17,7747,0.832,+491649645946,WH-11
DRV-0263,Stefan Friedrich,DL-34303078,2027-10-27,,2023-08-19,active,4.21,3240,0.823,+491554005527,WH-10
DRV-0264,Marco Weber,DL-34453100,2024-07-15,VEH-266,2020-02-22,active,3.32,315,0.933,+491631523185,WH-05
DRV-0265,Marco Heinrich,DL-42928224,2027-01-13,VEH-027,2022-10-16,active,4.25,5452,0.89,+491558424512,WH-17
DRV-0266,Tina Herrmann,DL-47993472,2023-04-06,VEH-280,2020-08-06,active,4.91,975,0.945,+491679907640,WH-11
DRV-0267,Anna Hahn,DL-85866488,2027-01-15,VEH-007,2022-09-19,active,2.93,1809,0.708,+491553646160,WH-20
DRV-0268,Martina Koch,DL-44271590,2028-07-23,VEH-194,2023-12-07,active,3.88,965,0.959,+491548052099,WH-12
DRV-0269,Michael Bauer,DL-70349564,2020-06-21,VEH-279,07-09-2018,active,4.14,1607,0.802,+491714491893,WH-05
DRV-0270,Alex Kaiser,DL-62131941,2020-04-08,VEH-034,2019-02-13,suspended,2.96,7832,0.954,+491779828372,WH-20
DRV-0271,Uwe Köhler,DL-95227470,2022-07-25,VEH-249,2019-11-04,active,3.75,5927,0.926,+491738636540,WH-19
DRV-0272,Andreas Fischer,DL-32211998,2024-06-11,VEH-102,2021-10-21,on_leave,3.46,5087,0.765,+491772753897,WH-07
DRV-0273,Jennifer Richter,DL-51274205,2026-03-18,VEH-033,2024-08-27,suspended,2.86,2202,0.727,+491671564522,WH-16
DRV-0274,Mathias Klein,DL-63698243,2027-08-02,VEH-037,2023-05-11,active,4.51,916,0.828,+491689591579,WH-17
DRV-0275,Lars Werner,DL-89500552,2026-12-02,VEH-035,2023-03-01,on_leave,3.57,5824,0.716,+491794785724,WH-11
DRV-0276,Klaus Richter,DL-62236932,2027-07-22,,2024-02-25,active,4.75,7049,0.926,+491631678043,WH-06
DRV-0277,Frank Wolf,DL-62281781,2022-12-26,VEH-154,2020-07-15,active,3.46,1501,0.912,+491593630235,WH-14
DRV-0278,Tim Hoffmann,DL-16461840,2027-10-01,VEH-096,2024-11-27,active,2.9,5400,0.732,+491514075750,WH-17
DRV-0279,Jordan Peters,DL-42858344,2023-01-18,VEH-066,02/12/2020,suspended,2.55,5060,0.959,+491654840415,WH-04
DRV-0280,Hans König,DL-26401169,2027-04-23,VEH-183,2022-06-20,active,4.99,2289,0.763,+491765608572,WH-11
DRV-0281,Tim Hartmann,DL-33389812,2028-04-06,VEH-023,2024-08-08,active,2.79,2688,0.934,+491707423034,WH-11
DRV-0282,Jamie Klein,DL-80885141,2025-04-11,VEH-253,2024-02-27,active,4.02,3111,0.829,+491689126731,WH-12
DRV-0283,Frank Schröder,DL-76943733,2024-11-02,VEH-001,2022-06-16,on_leave,4.21,7694,0.707,+491707288210,WH-02
DRV-0284,Jessica Günther,DL-37470112,2025-05-26,VEH-031,2021-09-13,active,4.56,2467,0.767,+491746330678,WH-19
DRV-0285,Jamie König,DL-17355619,2024-04-14,VEH-094,2022-08-30,active,3.6,4707,0.75,+491687687732,WH-15
DRV-0286,Tim Schwarz,DL-37784081,2023-11-13,VEH-135,2022-07-28,active,2.74,996,0.725,+491707172741,WH-01
DRV-0287,Maria Vogel,DL-39049793,2025-11-09,VEH-125,2023-03-10,active,3.08,4238,0.898,+491689133555,WH-03
DRV-0288,Christian Schubert,DL-95142914,2025-05-29,,2023-10-17,suspended,3.01,6082,0.73,+491532826554,WH-04
DRV-0289,Anna Hartmann,DL-13147714,2023-07-21,VEH-199,2020-06-23,active,3.39,2257,0.822,+491585590735,WH-14
DRV-0290,Sebastian Koch,DL-55316189,2022-04-15,VEH-042,2019-02-21,active,4.55,1769,0.894,+491582893528,WH-18
DRV-0291,Daniel Werner,DL-54193899,2024-02-03,VEH-051,2022-07-01,active,3.54,5276,0.958,+491748074447,WH-05
DRV-0292,Thomas König,DL-77976514,2026-01-18,VEH-255,2024-04-18,active,2.9,3990,0.74,+491662510423,WH-14
DRV-0293,Peter Schmidt,DL-46493510,2023-12-22,VEH-212,2022-07-26,active,4.29,597,0.914,+491664465761,WH-03
DRV-0294,Uwe Werner,DL-63411430,2027-04-28,VEH-254,2024-04-03,active,3.75,1766,0.866,+491711253078,WH-17
DRV-0295,Heike Hartmann,DL-32649531,2026-04-18,VEH-158,2024-04-23,active,4.68,589,0.933,+491733984548,WH-13
DRV-0296,Hans König,DL-39035841,2024-11-15,,2020-01-19,active,4.93,5183,0.949,+491705760169,WH-12
DRV-0297,Peter Franke,DL-86926409,2025-10-18,VEH-098,2021-07-29,active,3.16,4952,0.884,+491666283177,WH-18
DRV-0298,Sebastian Fischer,DL-28786215,2026-08-15,VEH-208,2024-02-02,active,4.6,6138,0.829,+491584089219,WH-01
DRV-0299,Peter Hahn,DL-76422295,2025-03-13,VEH-266,2022-05-05,active,4.81,3908,0.852,+491743006863,WH-15
DRV-0300,Jennifer Koch,DL-84823155,2019-11-27,VEH-046,2018-04-25,suspended,3.18,4850,0.763,+491544034015,WH-13
DRV-0301,Frank Bauer,DL-47209845,2024-10-23,VEH-050,2021-11-27,active,4.13,1617,0.72,+491621022028,WH-03
DRV-0302,Wolfgang Franke,DL-62348018,2021-08-01,VEH-115,2020-06-14,active,2.6,7116,0.729,+491702735669,WH-01
DRV-0303,Jessica Köhler,DL-54954934,2024-06-12,VEH-044,2023-04-16,active,4.41,4335,0.914,+491774223327,WH-08
DRV-0304,Anna Friedrich,DL-82889185,2023-05-14,,2019-07-18,active,3.61,3193,0.787,+491751582008,WH-02
DRV-0305,Frank Koch,DL-91376044,2021-11-10,VEH-127,2020-10-20,active,4.41,7742,0.812,+491737432690,WH-13
DRV-0306,Andreas Schmidt,DL-87576019,2024-05-02,VEH-105,2019-07-11,active,4.15,6568,0.841,+491658419519,WH-19
DRV-0307,Tina Schäfer,DL-72142349,2022-06-10,VEH-248,2019-11-12,active,4.06,5739,0.884,+491657745898,WH-01
DRV-0308,Christian Werner,DL-21379687,2025-03-27,,2020-09-29,active,4.03,205,0.876,+491755239352,WH-01
DRV-0309,Tina Hoffmann,DL-79138910,2027-05-28,,2024-05-22,active,3.63,4109,0.901,+491713402409,WH-06
DRV-0310,Sabrina Günther,DL-80087566,2026-08-10,,2023-06-12,active,3.46,6757,0.872,+491577549504,WH-17
DRV-0311,Lars Herrmann,DL-98780506,2023-01-18,,2020-01-13,active,3.38,700,0.735,+491622524485,WH-01
DRV-0312,Anna Weiß,DL-52220460,2020-04-08,VEH-226,2018-03-20,active,3.11,416,0.778,+491653787460,WH-14
DRV-0313,Jürgen Zimmermann,DL-78445397,2022-01-30,VEH-084,2020-10-13,active,2.79,4286,0.704,+491547727996,WH-03
DRV-0314,Lars Heinrich,DL-87576358,2027-04-28,VEH-132,2022-09-14,active,3.95,4445,0.927,+491523035289,WH-16
DRV-0315,Sabrina Hahn,DL-58383467,2024-09-13,VEH-178,2020-08-23,active,4.04,971,0.932,+491675498814,WH-02
DRV-0316,Anna Orange,DL-20928840,2024-05-01,VEH-107,2022-11-06,active,3.75,4245,0.775,+491726917213,WH-20
DRV-0317,Wolfgang Neumann,DL-28982111,2027-12-23,VEH-260,2023-10-23,active,2.74,1004,0.875,+491747014577,WH-12
DRV-0318,Maria König,DL-58676597,2025-01-18,VEH-105,2023-02-16,active,4.26,748,0.889,+491702288979,WH-13
DRV-0319,Uwe Schröder,DL-18516973,2028-06-15,VEH-094,2023-07-12,active,4.67,3364,0.92,+491542367533,WH-12
DRV-0320,Jessica Jung,DL-21292835,2023-11-05,VEH-033,2020-03-10,active,4.66,537,0.937,+491595786574,WH-07
DRV-0321,Julia Helmut,DL-85645470,2026-03-13,VEH-031,2023-02-18,active,3.38,940,0.962,+491762675083,WH-09
DRV-0322,Chris Hoffmann,DL-44907306,2024-03-14,VEH-099,2019-04-15,active,2.78,5455,0.723,+491615321110,WH-04
DRV-0323,Lars Klein,DL-37550381,2024-10-05,VEH-065,2021-09-13,on_leave,3.01,7822,0.95,+491643992019,WH-16
DRV-0324,Klaus Jung,DL-80400691,2026-07-29,VEH-210,2023-08-26,active,4.87,5914,0.927,+491608296741,WH-05
DRV-0325,Frank Orange,DL-59524203,2022-07-09,,2018-05-28,active,4.28,5812,0.832,+491726005296,WH-03
DRV-0326,Klaus Günther,DL-81378186,2025-11-28,VEH-245,2024-06-10,active,4.73,3633,0.856,+491618377525,WH-03
DRV-0327,Sebastian Fuchs,DL-48242886,2026-07-28,VEH-254,2023-05-23,active,3.86,6796,0.957,+491657623919,WH-16
DRV-0328,Sebastian Klein,DL-25201305,2022-12-20,VEH-108,2018-06-14,active,2.58,4158,0.94,+491781292597,WH-08
DRV-0329,Daniel Kaiser,DL-60667650,2028-12-14,VEH-254,2024-06-27,active,3.78,7124,0.723,+491525212601,WH-16
DRV-0330,Sandra Jung,DL-89176222,2025-04-08,VEH-174,2023-03-28,active,3.46,3611,0.85,+491553761602,WH-16
DRV-0331,Jordan Fischer,DL-54281645,2028-11-15,VEH-082,2023-12-12,active,3.51,3749,0.934,+491761352778,WH-02
DRV-0332,Thomas Jung,DL-89907285,2022-05-19,VEH-228,2019-11-03,active,3.68,1796,0.899,+491661510497,WH-03
DRV-0333,Peter Kaiser,DL-38625110,2025-05-14,VEH-280,2021-01-15,active,2.74,321,0.905,+491599307798,WH-03
DRV-0334,Hans Hartmann,DL-96061972,2025-01-29,,2020-02-25,active,4.21,1508,0.86,+491555139104,WH-02
DRV-0335,Tina Krüger,DL-68636133,2023-12-13,VEH-243,2021-01-04,on_leave,4.86,1150,0.821,+491573705132,WH-10
DRV-0336,Frank Günther,DL-30006893,2022-04-02,VEH-126,2019-07-08,on_leave,3.82,7596,0.9,+491588001665,WH-05
DRV-0337,Christian Braun,DL-36061308,2026-02-20,VEH-247,2021-09-06,on_leave,4.65,3442,0.913,+491679362077,WH-08
DRV-0338,Oliver Günther,DL-52260784,2022-07-18,VEH-170,2019-12-02,active,2.96,5889,0.934,+491648096986,WH-01
DRV-0339,Marco Friedrich,DL-95473836,2021-10-17,VEH-090,2018-09-05,active,4.0,6316,0.803,+491672332331,WH-01
DRV-0340,Oliver Schäfer,DL-59520436,2024-09-17,VEH-154,2021-04-28,suspended,4.24,5327,0.838,+491712512972,WH-08
DRV-0341,Tim Hartmann,DL-87476523,2026-09-13,VEH-005,2022-11-12,active,3.87,2705,0.798,+491683923296,WH-02
DRV-0342,Lars Gelb,DL-82388217,2025-10-27,VEH-265,2021-11-29,active,3.91,4561,0.759,+491789942400,WH-19
DRV-0343,Stefan Herrmann,DL-20136379,2025-05-03,VEH-042,2022-08-27,active,4.5,4709,0.713,+491643046378,WH-02
DRV-0344,Jordan Jung,DL-99208978,2022-05-24,VEH-078,2020-01-02,active,2.99,3586,0.975,+491715913387,WH-15
DRV-0345,Tina Vogel,DL-57174665,2024-12-30,,2020-04-18,active,3.66,7083,0.789,+491569392734,WH-20
DRV-0346,Hans Franke,DL-34681112,2023-02-06,VEH-022,2022-01-13,active,4.46,368,0.955,+491587129454,WH-12
DRV-0347,Julia Schmidt,DL-50125225,2024-06-16,VEH-204,2020-05-16,active,4.78,912,0.818,+491621554028,WH-15
DRV-0348,Jessica Müller,DL-93749357,2024-10-07,VEH-073,2023-09-20,active,2.57,2204,0.845,+491647148798,WH-15
DRV-0349,Klaus Franke,DL-71540533,2026-08-30,VEH-032,11-11-2023,active,4.3,2597,0.742,+491656794490,WH-20
DRV-0350,Jürgen Koch,DL-48341371,2026-02-25,VEH-176,2022-07-25,active,4.64,7436,0.704,+491727026815,WH-13
DRV-0351,Julia Friedrich,DL-16625954,2019-11-07,VEH-195,2018-01-23,active,2.72,6312,0.841,+491537998041,WH-10
DRV-0352,Peter König,DL-37439269,2022-01-17,VEH-293,2018-02-13,active,4.79,4040,0.868,+491694079440,WH-11
DRV-0353,Heike Fuchs,DL-61331300,2026-03-07,VEH-034,2022-11-28,active,4.97,2471,0.728,+491662104323,WH-11
DRV-0354,Michelle Vogel,DL-52782759,2023-09-11,VEH-051,2018-10-17,active,2.9,1933,0.725,+491788859613,WH-04
DRV-0355,Michael Richter,DL-49519548,2028-05-13,VEH-202,2024-12-15,active,2.72,5965,0.924,+491743665369,WH-14
DRV-0356,Tina Friedrich,DL-14932804,2029-03-25,VEH-258,2024-07-20,active,4.78,2486,0.815,+491678777550,WH-14
DRV-0357,Heike Hoffmann,DL-95944822,2023-02-28,VEH-029,2021-07-15,active,4.82,860,0.74,+491723750268,WH-03
DRV-0358,Sandra Zimmermann,DL-60412448,2022-08-29,VEH-113,2018-02-13,active,3.82,7150,0.97,+491723937838,WH-10
DRV-0359,Mathias Hoffmann,DL-88301234,2025-10-15,,2022-01-11,active,2.86,2207,0.742,+491648364403,WH-01
DRV-0360,Anna Wolf,DL-36074901,2026-01-16,,2023-09-09,active,3.68,348,0.819,+491711541295,WH-03
DRV-0361,Jürgen Braun,DL-35512746,2024-01-05,,2020-08-12,active,4.9,2033,0.805,+491609969644,WH-13
DRV-0362,Alex Lange,,2024-02-19,VEH-028,2019-11-04,active,2.82,4771,0.919,+491719312319,WH-15
DRV-0363,Jamie Müller,DL-85218853,2024-04-13,VEH-241,2020-01-02,on_leave,3.22,3191,0.766,+491501300458,WH-15
DRV-0364,Michelle Herrmann,DL-25544910,2028-11-12,VEH-230,2024-06-13,active,3.71,655,0.764,+491779847424,WH-01
DRV-0365,Peter Köhler,DL-77503857,2024-12-24,VEH-196,2022-08-28,active,4.91,2650,0.782,+491732325072,WH-18
DRV-0366,Martina Koch,DL-87542413,2020-06-09,VEH-171,2018-11-01,active,3.23,5510,0.943,+491513285135,WH-13
DRV-0367,Hans Lange,DL-71387371,2023-12-08,,2021-09-24,active,3.17,6903,0.799,+491609759534,WH-18
DRV-0368,Anna Sauer,DL-35103772,2022-04-05,VEH-061,2019-10-03,active,2.79,7851,0.85,+491642869914,WH-19
DRV-0369,Christian Braun,DL-86052381,2021-09-04,VEH-060,2018-12-25,active,2.72,7016,0.906,+491547310378,WH-01
DRV-0370,Klaus Krüger,DL-27343850,2026-02-27,VEH-047,2022-05-03,on_leave,2.68,3614,0.8,+491574623622,WH-19
DRV-0371,Sabrina Neumann,DL-28732655,2028-03-16,,2024-12-28,active,4.61,4384,0.802,+491543799321,WH-06
DRV-0372,Klaus Koch,DL-98469462,2023-11-01,,2019-12-01,active,2.79,6959,0.788,+491526420390,WH-09
DRV-0373,Heike Schmitz,DL-18095267,2023-03-04,VEH-149,2020-08-11,active,3.77,7393,0.833,+491628232245,WH-02
DRV-0374,Michelle Schröder,DL-43539065,2026-08-27,VEH-096,2023-07-10,active,3.13,2228,0.96,+491567394624,WH-01
DRV-0375,Jamie Braun,DL-17572350,2026-01-12,VEH-021,2024-09-15,active,3.5,3243,0.879,+491597389763,WH-13
DRV-0376,Tim Schneider,DL-65844858,2027-01-22,VEH-061,2022-04-04,active,4.27,5164,0.828,+491536218767,WH-06
DRV-0377,Andreas Hoffmann,DL-69454022,2026-10-11,VEH-264,2022-01-31,active,3.93,442,0.788,+491541025264,WH-15
DRV-0378,Alex Schmidt,DL-22800389,2022-01-22,VEH-090,2019-10-30,active,4.94,2573,0.955,+491645748880,WH-01
DRV-0379,Frank Schmitz,DL-46993896,2029-06-19,,2024-08-12,active,2.65,2825,0.833,+491658449325,WH-08
DRV-0380,Heike Krüger,DL-63395895,2022-10-12,VEH-286,2019-01-12,active,3.98,4250,0.752,+491601438939,WH-05
DRV-0381,Jennifer König,DL-12608103,2024-03-04,VEH-046,2021-10-06,active,3.8,6481,0.89,+491676819287,WH-13
DRV-0382,Sabrina Schneider,DL-61179858,2026-03-02,VEH-216,2022-01-17,active,3.47,286,0.809,+491793292247,WH-07
DRV-0383,Jürgen Peters,DL-40284436,2025-05-22,VEH-232,2023-11-06,active,3.1,2463,0.889,+491672810170,WH-20
DRV-0384,Mathias Weiß,DL-88918799,2025-01-12,VEH-290,2020-05-02,active,4.43,1260,0.862,+491508982782,WH-16
DRV-0385,Thomas Orange,DL-97843462,2024-08-05,VEH-063,2022-03-12,active,4.66,4564,0.974,+491715813343,WH-17
DRV-0386,Maria Fischer,DL-52289890,2021-06-05,VEH-265,2019-12-28,active,4.13,6755,0.9,+491527273860,WH-02
DRV-0387,Michelle Kaiser,DL-78574500,2025-07-19,VEH-033,2024-04-10,active,2.67,5874,0.951,+491696664867,WH-19
DRV-0388,Sebastian Schröder,DL-76641252,2026-02-20,VEH-031,2023-05-14,active,2.83,7789,0.815,+491794277963,WH-09
DRV-0389,Nicole Fuchs,DL-57587557,2022-10-06,,2021-08-02,active,3.23,7069,0.915,+491579241741,WH-19
DRV-0390,Jessica Koch,DL-29648943,2028-04-23,VEH-272,2024-05-25,active,3.92,1922,0.881,+491771555960,WH-03
DRV-0391,Michael Franke,DL-82813314,2022-03-12,VEH-224,2019-10-06,on_leave,4.54,2302,0.816,+491766937228,WH-07
DRV-0392,Marco König,DL-34759427,2021-03-14,VEH-252,2018-11-19,active,2.69,889,0.763,+491518224059,WH-01
DRV-0393,Heike Wolf,DL-29087004,2024-05-28,VEH-040,2022-05-23,active,4.75,5163,0.884,+491728346190,WH-12
DRV-0394,Klaus Schwarz,DL-16309245,2024-03-27,VEH-230,2019-05-11,active,3.78,2609,0.857,+491578690743,WH-09
DRV-0395,Martina Koch,,2025-08-29,VEH-193,2024-05-31,active,3.26,1889,0.8,+491692346016,WH-04
DRV-0396,Oliver Fischer,DL-76500088,2028-08-28,VEH-174,2023-12-06,active,4.79,3011,0.977,+491572215188,WH-09
DRV-0397,Hans Jung,DL-36926941,2023-08-09,,2020-05-02,active,3.63,6184,0.72,+491532298549,WH-13
DRV-0398,Marco Richter,DL-87199000,2022-04-08,VEH-118,2020-12-28,active,2.65,2573,0.873,+491628466626,WH-09
DRV-0399,Christian Lange,DL-23321962,2022-10-05,VEH-192,2019-06-01,active,4.42,3530,0.831,+491648226699,WH-17
DRV-0400,Thomas König,DL-70920560,2029-04-26,VEH-258,2024-06-06,active,4.35,945,0.884,+491768151347,WH-04
DRV-0401,Wolfgang Schneider,DL-28624601,2022-10-14,VEH-049,2021-06-01,active,3.39,7714,0.956,+491664687028,WH-12
DRV-0402,Tina Hoffmann,DL-86985225,2027-03-05,,2024-08-07,active,4.71,3720,0.885,+491757671689,WH-11
DRV-0403,Marco Schwarz,DL-56011984,2028-06-06,VEH-127,2024-04-13,active,3.62,4269,0.867,+491508735783,WH-01
DRV-0404,Stefan Gelb,DL-80450252,2025-10-16,VEH-167,2021-05-01,active,2.96,212,0.793,+491766442553,WH-20
DRV-0405,Andreas Orange,DL-98421852,2027-08-24,VEH-134,2024-12-06,active,3.92,5605,0.786,+491719434009,WH-12
DRV-0406,Frank Jung,DL-97687919,2020-03-19,VEH-079,2018-11-08,active,4.13,1082,0.931,+491783694531,WH-14
DRV-0407,Peter Müller,DL-45849968,2026-08-10,VEH-139,2024-09-26,active,4.59,4717,0.767,+491654722364,WH-06
DRV-0408,Andreas Hahn,DL-99590851,2024-10-29,VEH-055,2020-08-16,active,2.67,4667,0.976,+491596755673,WH-12
DRV-0409,Thomas Müller,DL-25897581,2026-12-05,VEH-099,2021-12-17,on_leave,3.15,733,0.969,+491636925434,WH-09
DRV-0410,Tim Schröder,DL-94923150,2021-10-18,VEH-007,2018-06-01,active,4.48,6640,0.843,+491741790557,WH-17
DRV-0411,Heike Peters,DL-81419449,2022-03-22,VEH-059,2020-08-04,active,4.63,1267,0.742,+491551529534,WH-02
DRV-0412,Sebastian Günther,DL-27064897,2025-05-20,VEH-299,2021-07-07,active,3.28,816,0.846,+491787764848,WH-19
DRV-0413,Klaus Fischer,DL-89480811,2024-07-30,VEH-056,2021-01-17,active,4.98,6849,0.787,+491729061502,WH-08
DRV-0414,Klaus Vogel,DL-24832782,2023-11-15,VEH-045,2018-12-01,active,4.78,6115,0.936,+491527792976,WH-08
DRV-0415,Uwe Vogel,DL-93122435,2025-11-13,,2024-06-19,active,2.56,2874,0.723,+491583686379,WH-16
DRV-0416,Maria Vogel,DL-17020500,2021-05-16,VEH-081,2018-06-17,active,2.52,1758,0.738,+491729975218,WH-11
DRV-0417,Oliver Hahn,DL-16575054,2028-06-08,VEH-236,2024-10-30,on_leave,3.4,3567,0.888,+491771503509,WH-14
DRV-0418,Jürgen Helmut,DL-85380478,2023-03-07,VEH-140,2019-09-01,active,4.72,1162,0.963,+491601534303,WH-02
DRV-0419,Martina Lange,DL-61333445,2024-11-30,VEH-130,07-10-2022,on_leave,4.95,2808,0.835,+491666878464,WH-04
DRV-0420,Stefan Schwarz,DL-32286990,2025-07-23,VEH-261,09-03-2021,suspended,2.96,327,0.896,+491726890653,WH-06
DRV-0421,Lars Herrmann,DL-32256501,2024-08-10,VEH-193,2020-03-09,active,4.35,405,0.752,+491592147583,WH-07
DRV-0422,Daniel Weiß,DL-41262111,2026-11-16,VEH-108,2023-09-08,active,3.7,352,0.945,+491721427774,WH-06
DRV-0423,Thomas Helmut,DL-96519750,2022-05-08,VEH-248,2020-11-25,active,2.93,7657,0.707,+491706493383,WH-19
DRV-0424,Klaus Peters,DL-16183799,2027-02-27,VEH-232,2024-01-29,active,3.87,3150,0.876,+491717720421,WH-08
DRV-0425,Hans Bauer,DL-32743538,2022-03-29,VEH-239,2018-10-28,active,3.11,2887,0.877,+491649999393,WH-07
DRV-0426,Alex Peters,DL-77323126,2025-04-08,VEH-097,2023-06-24,active,2.99,148,0.845,+491512643208,WH-07
DRV-0427,Mathias Vogel,DL-12492146,2023-05-12,VEH-258,2020-09-15,active,2.58,3409,0.737,+491615061236,WH-16
DRV-0428,Lars König,DL-23190468,2022-09-12,VEH-214,2019-01-19,on_leave,2.55,7122,0.814,+491731384667,WH-10
DRV-0429,Jessica Gelb,DL-40797952,2025-08-30,VEH-288,2021-01-01,active,3.31,7587,0.709,+491675578131,WH-12
DRV-0430,Sabrina Hartmann,DL-33617093,2024-02-09,VEH-300,2019-02-16,active,3.84,7573,0.722,+491722056513,WH-17
DRV-0431,Peter Vogel,DL-34586279,2024-06-29,VEH-076,2019-10-18,suspended,3.35,4352,0.973,+491714033024,WH-13
DRV-0432,Alex Orange,DL-22305255,2028-01-12,VEH-207,2023-04-24,active,4.66,1051,0.831,+491689338913,WH-07
DRV-0433,Klaus Sauer,DL-40063776,2027-09-12,VEH-027,2023-10-11,active,4.43,1493,0.843,+491788690709,WH-11
DRV-0434,Sabrina Franke,DL-74233184,2028-03-21,VEH-210,2024-08-04,active,4.98,7701,0.774,+491512734971,WH-10
DRV-0435,Wolfgang Schäfer,DL-69088703,2026-12-10,VEH-114,2024-07-05,on_leave,2.98,520,0.751,+491786868941,WH-10
DRV-0436,Hans Wolf,DL-62284063,2025-07-27,VEH-138,2023-03-28,active,4.98,7568,0.879,+491735089965,WH-15
DRV-0437,Jürgen Schubert,DL-56478307,2028-04-07,VEH-108,2024-04-05,active,2.93,2214,0.854,+491561423830,WH-03
DRV-0438,Lars Gelb,DL-76611819,2022-09-08,,2018-12-28,active,4.84,7816,0.925,+491716393840,WH-12
DRV-0439,Christian Neumann,DL-94137725,2025-12-29,,2021-10-15,active,4.65,7782,0.882,+491754066882,WH-05
DRV-0440,Anna Vogel,DL-59511727,2025-04-16,VEH-223,2021-01-09,active,4.17,5765,0.92,+491524663095,WH-11
DRV-0441,Lars Werner,DL-26170151,2023-02-01,VEH-066,2021-07-28,active,4.67,7643,0.879,+491545324601,WH-20
DRV-0442,Anna Helmut,DL-84219840,2020-09-13,VEH-218,2018-08-18,active,3.7,3746,0.974,+491568344408,WH-06
DRV-0443,Martina Schmidt,DL-90652072,2025-10-05,VEH-212,2023-09-03,active,4.18,6478,0.813,+491573211216,WH-19
DRV-0444,Julia Schubert,DL-36076222,2022-12-21,VEH-162,02-10-2018,active,4.85,5454,0.87,+491624045174,WH-19
DRV-0445,Lars Fuchs,DL-66727832,2028-10-23,VEH-060,2024-05-10,active,4.3,425,0.875,+491607845209,WH-08
DRV-0446,Julia Friedrich,DL-50457246,2021-11-19,,2018-11-18,active,3.59,192,0.721,+491518052126,WH-02
DRV-0447,Julia Werner,DL-29517445,2028-12-31,VEH-063,2024-09-21,active,4.63,2625,0.76,+491686240908,WH-18
DRV-0448,Klaus Fischer,DL-12075780,2026-03-31,,2023-04-22,active,2.98,3812,0.833,+491742221998,WH-16
DRV-0449,Hans Schäfer,DL-80615330,2028-09-05,VEH-004,2024-01-12,active,4.86,6406,0.904,+491733641260,WH-15
DRV-0450,Michael Herrmann,DL-38964833,2026-02-06,VEH-261,2024-11-23,active,4.26,1444,0.897,+491618257001,WH-04
DRV-0451,Jamie Hoffmann,DL-70371565,2022-11-07,VEH-217,2020-05-13,active,3.44,6191,0.729,+491578033218,WH-11
DRV-0452,Anna Krüger,DL-82021438,2020-05-20,,2018-10-06,active,2.72,1304,0.821,+491545405418,WH-08
DRV-0453,Heike Friedrich,DL-43518060,2025-03-09,VEH-299,2022-09-22,active,3.27,3555,0.827,+491695357817,WH-15
DRV-0454,Sandra Gelb,DL-95807327,2026-05-28,VEH-247,2024-10-20,active,3.54,6399,0.739,+491593514062,WH-14
DRV-0455,Maria Müller,DL-63404708,2023-12-19,VEH-163,2020-08-04,active,4.63,7217,0.969,+491754091405,WH-14
DRV-0456,Jordan Weiß,DL-89235245,2027-10-26,VEH-093,2023-08-03,active,4.11,1494,0.933,+491536823977,WH-14
DRV-0457,Nicole Hartmann,DL-80771011,2022-08-14,VEH-243,2019-11-29,suspended,2.96,6152,0.903,+491551545652,WH-20
DRV-0458,Wolfgang Schmitz,DL-32049798,2020-04-28,VEH-210,2019-02-13,active,4.48,7763,0.776,+491576139009,WH-03
DRV-0459,Andreas Vogel,DL-60575073,2022-10-03,VEH-146,2021-06-23,active,4.23,1680,0.832,+491759217688,WH-11
DRV-0460,Martina Helmut,DL-54789884,2024-05-21,VEH-282,2021-12-08,active,4.51,6095,0.816,+491663463413,WH-12
DRV-0461,Stefan Wolf,DL-91862850,2025-10-04,VEH-014,2022-07-10,on_leave,2.88,5466,0.877,+491504553746,WH-10
DRV-0462,Michael Müller,DL-45663145,2026-03-14,VEH-166,2023-12-30,active,4.22,6865,0.96,+491634976754,WH-10
DRV-0463,Klaus Franke,DL-55007342,2026-07-24,VEH-234,2022-04-25,active,2.93,6573,0.731,+491795373527,WH-14
DRV-0464,Thomas Peters,,2025-10-18,VEH-169,2024-07-22,active,3.86,5411,0.848,+491752778136,WH-03
DRV-0465,Julia Koch,DL-11065627,2026-02-02,VEH-082,2022-06-18,active,3.5,4288,0.944,+491621614803,WH-02
DRV-0466,Anna Friedrich,DL-89413267,2020-03-02,VEH-026,2018-06-12,active,2.98,3784,0.929,+491647030294,WH-07
DRV-0467,Wolfgang Jung,DL-83086561,2025-05-22,VEH-219,2020-12-03,active,2.83,1029,0.833,+491512311304,WH-16
DRV-0468,Anna Heinrich,DL-77304530,2027-02-16,VEH-007,2023-10-24,active,4.67,6814,0.893,+491662123259,WH-17
DRV-0469,Frank Koch,DL-90683038,2027-11-21,VEH-169,2023-02-09,active,2.57,4097,0.848,+491596424473,WH-05
DRV-0470,Klaus Schneider,DL-12463628,2020-12-04,VEH-060,2018-05-30,suspended,4.88,5457,0.838,+491507726531,WH-06
DRV-0471,Daniel Klein,DL-99753742,2026-07-21,VEH-158,2024-01-12,active,4.83,5986,0.797,+491771656941,WH-02
DRV-0472,Wolfgang Hartmann,DL-31800018,2027-07-12,,2024-11-06,active,4.2,661,0.83,+491561132586,WH-03
DRV-0473,Sandra Lange,DL-94838638,2025-01-15,VEH-156,2022-12-18,active,3.44,5787,0.977,+491769780674,WH-02
DRV-0474,Jamie Günther,DL-65683334,2021-04-13,VEH-246,2018-01-17,active,2.53,5373,0.872,+491547016801,WH-17
DRV-0475,Sebastian Neumann,DL-93080348,2021-05-01,VEH-235,2020-04-06,active,3.9,3114,0.883,+491701862789,WH-18
DRV-0476,Anna Kaiser,DL-40391586,2024-09-01,VEH-115,2019-10-03,active,3.74,1531,0.738,+491788143636,WH-09
DRV-0477,Frank Günther,DL-61763453,2024-09-20,VEH-274,2022-12-19,active,3.62,6049,0.859,+491575581846,WH-02
DRV-0478,Andreas Keller,DL-75973592,2027-12-22,VEH-297,2024-01-06,active,3.81,85,0.84,+491656691217,WH-03
DRV-0479,Julia Gelb,DL-91264589,2023-06-22,VEH-057,2021-12-04,active,3.77,115,0.966,+491705023067,WH-12
DRV-0480,Jordan Zimmermann,DL-64848992,2022-09-28,VEH-173,2018-07-08,on_leave,4.27,2595,0.978,+491525247929,WH-04
DRV-0481,Oliver König,DL-52835793,2028-01-19,,2024-08-04,active,3.81,3436,0.745,+491609192851,WH-02
DRV-0482,Maria Köhler,DL-41547907,2026-09-23,,2022-12-01,active,3.47,61,0.795,+491708631177,WH-09
DRV-0483,Andreas Jung,DL-78031477,2025-05-27,VEH-283,2020-08-26,active,2.76,1614,0.796,+491759232724,WH-13
DRV-0484,Christian Fuchs,DL-73295210,2023-07-19,VEH-137,2019-12-26,active,2.94,1253,0.771,+491703390669,WH-07
DRV-0485,Andreas Gelb,DL-52219780,2023-07-15,VEH-134,2019-05-08,on_leave,3.59,1301,0.909,+491626247261,WH-06
DRV-0486,Jennifer Fuchs,DL-19076563,2021-12-11,,2019-07-19,active,4.08,7422,0.866,+491613867494,WH-16
DRV-0487,Andreas Lange,DL-64536095,2022-10-13,VEH-029,2021-05-15,on_leave,3.88,90,0.935,+491551342822,WH-01
DRV-0488,Maria Schäfer,DL-73601615,2021-08-28,VEH-073,2019-09-29,active,4.28,1880,0.781,+491765983003,WH-15
DRV-0489,Stefan Hahn,DL-83971701,2025-10-06,VEH-094,2021-10-25,active,4.78,6773,0.734,+491782711314,WH-06
DRV-0490,Lars Schneider,DL-97853324,2022-08-25,VEH-292,2018-09-07,active,2.52,7744,0.827,+491681933982,WH-02
DRV-0491,Thomas Jung,DL-24149872,2022-06-22,VEH-098,2019-10-05,active,3.08,6673,0.848,+491536861641,WH-01
DRV-0492,Jürgen Köhler,DL-48453822,2022-06-03,VEH-203,2021-03-16,active,4.24,2121,0.957,+491561378202,WH-05
DRV-0493,Peter Jung,DL-88599328,2023-04-16,VEH-111,03/04/2021,active,2.87,2983,0.963,+491516946487,WH-14
DRV-0494,Jürgen Neumann,DL-45654814,2028-03-05,VEH-078,2024-06-18,active,3.44,5111,0.947,+491667850146,WH-01
DRV-0495,Jordan Peters,DL-68089268,2025-03-30,VEH-053,31/03/2022,active,4.01,7696,0.924,+491744152898,WH-13
DRV-0496,Marco Schneider,DL-89579619,2019-04-27,VEH-122,2018-01-06,active,4.78,6836,0.819,+491667732830,WH-11
DRV-0497,Tim Keller,DL-84286803,2024-05-15,VEH-105,2020-02-05,active,3.67,6948,0.88,+491751647754,WH-10
DRV-0498,Tim Schröder,DL-83485894,2025-01-10,VEH-050,2023-01-01,on_leave,3.66,5050,0.933,+491677658186,WH-14
DRV-0499,Jessica Klein,DL-71673700,2020-11-23,VEH-258,2018-04-29,active,4.85,7248,0.915,+491745935181,WH-02
DRV-0500,Jamie Hartmann,DL-44004260,2025-12-24,VEH-257,2024-05-02,active,4.75,3136,0.776,+491752048018,WH-13
